Erstellungsdatum; Performance seit beginn; Durchschnittliche Performance pro Jahr; Maximaler Drawdown; Erstemission; Performancegeb√ºhr; ISIN; Investiertes Kapital
01.04.2012;106,80%;6,80%;-64,20%;30.08.2012;10%;DE000LS9ABF2;35.196,18
03.05.2012;82,20%;5,60%;-28,70%;03.06.2015;5%;DE000LS9FXF5;38.259,42
24.06.2012;1294,30%;27,70%;-38,90%;20.12.2016;10%;DE000LS9KHU7;1.086.746,51
31.07.2012;1031,50%;25,50%;-33,20%;11.04.2013;5%;DE000LS9AUL0;5.862.767,29
09.08.2012;-31,10%;-3,40%;-37,10%;05.09.2012;10%;DE000LS9ABK2;103.425,33
09.08.2012;-73,30%;-11,60%;-74,00%;05.09.2012;20%;DE000LS9ABP1;122.670,05
12.08.2012;74,50%;5,30%;-21,90%;05.09.2012;12%;DE000LS9ABM8;35.958,33
26.08.2012;151,30%;9,10%;-18,40%;26.06.2014;15%;DE000LS9CBY9;811.846,67
12.09.2012;215,60%;11,50%;-38,30%;24.01.2013;10%;DE000LS9AKJ5;1.054.316,54
12.09.2012;189,00%;10,40%;-47,70%;21.08.2014;9%;DE000LS9CSK2;278.908,50
16.09.2012;1444,90%;29,60%;-34,80%;18.04.2013;5%;DE000LS9AVX3;22.089.519,81
22.09.2012;298,80%;13,90%;-32,80%;03.12.2015;6%;DE000LS9HP25;8.624.547,40
09.11.2012;154,10%;9,30%;-24,20%;13.12.2012;5%;DE000LS9AGG9;31.252,25
09.11.2012;58,60%;4,50%;-31,80%;24.01.2013;5%;DE000LS9AKH9;9.674,98
20.01.2013;123,30%;8,10%;-31,40%;07.03.2013;10%;DE000LS9APJ4;127.286,45
22.01.2013;256,30%;13,30%;-19,60%;03.02.2014;20%;DE000LS9BNL3;3.339.867,69
25.01.2013;122,50%;8,20%;-13,30%;18.04.2013;5%;DE000LS9AWD3;4.237.217,85
30.01.2013;236,60%;12,60%;-32,90%;10.09.2014;10%;DE000LS9CYA1;988.297,44
18.02.2013;-88,10%;-19,10%;-99,30%;13.06.2013;15%;DE000LS9BDT7;91.304,83
29.03.2013;148,80%;9,50%;-31,10%;31.05.2013;5%;DE000LS9BBT1;278.972,98
30.04.2013;2883,50%;40,70%;-59,90%;08.08.2013;20%;DE000LS9BFD6;3.694.742,39
19.05.2013;8,60%;0,80%;-18,80%;06.05.2015;10%;DE000LS9FCQ6;9.343,96
22.05.2013;50,90%;4,30%;-22,30%;18.08.2015;10%;DE000LS9GHM2;70.193,52
30.05.2013;177,10%;10,90%;-37,60%;09.04.2014;5%;DE000LS9BZG7;255.477,51
30.05.2013;80,10%;6,20%;-37,10%;23.10.2014;10%;DE000LS9DLQ2;183.261,21
18.06.2013;105,10%;7,60%;-51,30%;16.12.2015;20%;DE000LS9HRC0;26.040,51
22.06.2013;111,60%;7,90%;-44,10%;22.08.2014;5%;DE000LS9CTZ8;19.456,45
24.06.2013;102,10%;7,40%;-35,20%;03.12.2015;10%;DE000LS9HLD1;13.550,49
19.07.2013;236,70%;13,20%;-25,60%;09.04.2014;5%;DE000LS9BYR7;1.957.456,82
11.08.2013;58,40%;4,80%;-45,50%;04.02.2014;10%;DE000LS9BQU7;36.428,34
17.08.2013;84,60%;6,50%;-48,40%;22.02.2014;10%;DE000LS9BUE3;8.859,11
03.09.2013;95,10%;7,10%;-43,30%;31.07.2014;10%;DE000LS9CPX1;42.916,95
27.09.2013;29,30%;2,70%;-50,60%;06.05.2015;5%;DE000LS9FFV9;25.862,61
28.09.2013;91,80%;7,00%;-38,60%;22.08.2014;10%;DE000LS9CTW5;27.992,03
07.10.2013;594,10%;22,60%;-35,90%;17.09.2014;6%;DE000LS9DDX5;11.280.576,56
07.10.2013;17,90%;1,80%;-34,10%;16.12.2014;15%;DE000LS9DSV7;50.708,64
10.10.2013;142,70%;9,70%;-45,90%;27.05.2014;20%;DE000LS9CAV7;1.247.784,93
04.11.2013;7,20%;0,70%;-14,50%;22.08.2014;5%;DE000LS9CTP9;21.667,13
07.11.2013;237,90%;13,70%;-44,90%;25.07.2014;9%;DE000LS9CJQ8;210.590,30
09.11.2013;598,40%;22,90%;-44,50%;18.03.2014;15%;DE000LS9BYB1;2.366.657,85
10.11.2013;194,20%;12,10%;-44,10%;01.07.2014;5%;DE000LS9CEH8;19.052,27
14.11.2013;122,70%;9,00%;-95,00%;18.03.2014;20%;DE000LS9BYC9;204.677,72
16.12.2013;3,20%;0,00%;-58,90%;12.09.2014;5%;DE000LS9DAA9;9.489,60
30.01.2014;68,90%;5,80%;-34,00%;26.06.2014;15%;DE000LS9CCM2;551.714,30
19.02.2014;397,80%;19,30%;-51,10%;25.11.2021;8%;DE000LS9SQM8;13.958,17
05.03.2014;123,70%;9,10%;-47,00%;26.06.2014;15%;DE000LS9CBX1;52.632,61
05.03.2014;3,70%;0,40%;-44,70%;01.07.2014;10%;DE000LS9CFE2;342.372,62
25.03.2014;434,70%;20,30%;-42,20%;06.05.2015;12%;DE000LS9FEG3;38.592.011,50
04.04.2014;162,80%;11,30%;-34,40%;07.10.2014;5%;DE000LS9DGG3;425.857,12
08.04.2014;-36,50%;-4,90%;-44,70%;09.04.2015;15%;DE000LS9EYJ8;20.647,63
10.05.2014;-97,70%;-34,10%;-98,80%;23.11.2014;10%;DE000LS9DNE4;37.756,93
19.05.2014;82,10%;6,90%;-40,20%;23.08.2014;18%;DE000LS9CVN0;74.343,12
29.05.2014;-15,50%;-2,20%;-66,10%;13.03.2015;5%;DE000LS9EPF4;11.730,65
11.06.2014;57,00%;5,30%;-18,90%;18.02.2015;15%;DE000LS9EHC8;129.626,94
03.08.2014;115,50%;9,30%;-29,20%;13.03.2015;10%;DE000LS9EPC1;150.848,17
21.08.2014;32,90%;3,20%;-37,70%;25.03.2015;5%;DE000LS9EQM8;39.212,33
29.08.2014;303,20%;17,50%;-27,00%;25.11.2015;12%;DE000LS9HFZ6;3.201.508,27
05.09.2014;259,40%;16,00%;-46,20%;09.03.2016;10%;DE000LS9H4G6;306.626,98
17.09.2014;8,50%;0,90%;-26,70%;25.11.2014;25%;DE000LS9DQH0;7.811,94
22.09.2014;134,50%;10,40%;-45,00%;15.05.2017;14%;DE000LS9LDX8;24.433,75
06.10.2014;404,90%;20,80%;-49,50%;17.01.2015;15%;DE000LS9DWZ0;3.670.795,37
11.10.2014;134,80%;10,60%;-19,10%;31.01.2019;10%;DE000LS9NF86;1.049.572,98
13.10.2014;112,60%;9,30%;-19,50%;23.11.2014;15%;DE000LS9DPK6;1.719.419,65
16.10.2014;186,90%;13,20%;-27,30%;13.03.2015;15%;DE000LS9EMD6;192.374,75
23.10.2014;-6,20%;-0,80%;-53,20%;18.02.2015;15%;DE000LS9EJM3;21.110,45
26.10.2014;-44,50%;-6,80%;-87,60%;17.01.2015;15%;DE000LS9DWU1;49.143,52
30.10.2014;-59,80%;-10,20%;-74,60%;22.01.2015;5%;DE000LS9EAY7;13.863,56
24.11.2014;-31,20%;-4,30%;-71,80%;25.03.2015;10%;DE000LS9EPQ1;4.475,70
27.11.2014;325,30%;18,90%;-36,60%;18.05.2015;7%;DE000LS9FPG9;191.376,72
18.12.2014;131,30%;10,40%;-38,60%;20.12.2016;5%;DE000LS9KJX7;101.865,54
23.12.2014;30,00%;3,20%;-41,90%;27.06.2017;20%;DE000LS9LLQ5;79.677,52
30.12.2014;565,40%;25,90%;-43,60%;25.03.2015;11%;DE000LS9EQQ9;1.839.873,18
05.01.2015;157,50%;12,10%;-40,90%;25.03.2015;5%;DE000LS9EUF4;1.302.116,22
07.01.2015;390,50%;21,30%;-50,00%;09.04.2015;10%;DE000LS9EYP5;133.806,35
09.01.2015;123,40%;10,20%;-32,50%;26.02.2016;5%;DE000LS9HZS9;7.595,55
29.01.2015;190,10%;13,80%;-20,20%;13.10.2015;30%;DE000LS9GZY9;290.993,61
03.02.2015;19,80%;2,20%;-34,80%;03.05.2016;12%;DE000LS9JGG0;482.018,32
22.02.2015;71,40%;7,00%;-61,30%;22.06.2016;5%;DE000LS9JMF0;7.714,21
02.03.2015;36,90%;3,90%;-29,60%;21.09.2021;12%;DE000LS9SGM9;138.276,06
03.03.2015;50,40%;5,10%;-26,90%;27.07.2015;15%;DE000LS9GBW4;496.160,02
05.03.2015;30,50%;3,40%;-22,00%;06.05.2015;5%;DE000LS9FGV7;23.244,82
05.03.2015;14,50%;1,70%;-30,10%;27.07.2015;10%;DE000LS9GDF5;22.901,99
20.03.2015;117,20%;10,10%;-18,40%;03.06.2015;15%;DE000LS9FUG9;1.803.536,59
24.03.2015;19,30%;2,20%;-30,40%;26.11.2020;10%;DE000LS9QUL6;28.284,30
30.03.2015;90,70%;8,40%;-54,90%;03.06.2015;5%;DE000LS9FVS2;49.277,68
30.03.2015;69,60%;6,70%;-41,00%;03.06.2015;5%;DE000LS9FWZ5;24.065,51
30.03.2015;102,10%;9,10%;-43,50%;03.06.2015;5%;DE000LS9FVG7;58.832,27
31.03.2015;-13,20%;-1,70%;-73,80%;03.06.2015;5%;DE000LS9FTT4;34.618,65
12.04.2015;116,40%;10,00%;-38,60%;01.12.2016;9%;DE000LS9KE31;266.623,14
06.05.2015;73,70%;7,20%;-24,50%;06.07.2015;5%;DE000LS9GBF9;19.147,34
11.05.2015;29,30%;3,20%;-37,10%;03.12.2015;6%;DE000LS9HMS7;6.336,32
02.06.2015;66,20%;6,60%;-60,20%;27.07.2015;8%;DE000LS9GEH9;14.137,89
10.06.2015;120,80%;10,70%;-30,90%;17.10.2017;5%;DE000LS9ME05;16.126,47
14.06.2015;28,40%;3,20%;-28,80%;03.12.2015;15%;DE000LS9H1Y5;19.263,84
15.06.2015;58,90%;6,00%;-34,10%;25.08.2015;10%;DE000LS9GPR4;195.202,66
18.06.2015;118,30%;10,30%;-60,90%;13.10.2015;0%;DE000LS9GWL3;795.164,95
18.06.2015;434,80%;23,90%;-29,70%;18.08.2015;10%;DE000LS9GGD3;8.371.659,97
20.06.2015;78,90%;7,70%;-49,50%;25.08.2015;10%;DE000LS9GPX2;75.161,44
27.06.2015;53,50%;5,60%;-39,40%;18.08.2015;15%;DE000LS9GKS3;11.508,77
09.07.2015;17,50%;2,00%;-32,70%;13.10.2015;5%;DE000LS9GYS4;117.715,09
13.07.2015;68,30%;6,90%;-21,30%;22.06.2016;5%;DE000LS9JN17;34.447,55
30.07.2015;125,60%;11,10%;-31,90%;01.02.2017;5%;DE000LS9KRX0;27.734,19
05.08.2015;32,80%;3,70%;-25,90%;01.08.2017;0%;DE000LS9LXM9;10.625,22
04.09.2015;30,80%;3,60%;-16,70%;26.02.2016;0%;DE000LS9HXF1;54.422,35
08.09.2015;178,60%;14,50%;-24,30%;26.07.2017;15%;DE000LS9LV13;186.009,83
09.09.2015;84,20%;8,10%;-78,60%;25.11.2015;15%;DE000LS9HJF0;247.133,88
09.09.2015;151,20%;12,90%;-47,90%;22.01.2016;10%;DE000LS9HUE0;332.824,98
22.09.2015;20,20%;2,50%;-90,30%;22.02.2017;5%;DE000LS9KS27;36.472,81
15.10.2015;355,10%;22,40%;-52,90%;05.08.2016;10%;DE000LS9JU67;1.434.664,70
27.10.2015;150,40%;13,00%;-70,10%;28.08.2018;10%;DE000LS9M6Y7;342.566,11
09.11.2015;66,40%;7,00%;-29,00%;26.02.2016;10%;DE000LS9HZ23;60.931,58
09.11.2015;14,40%;1,80%;-61,60%;31.01.2018;10%;DE000LS9MSD6;24.031,76
23.11.2015;191,10%;15,60%;-35,50%;17.05.2017;5%;DE000LS9LG87;232.276,55
29.11.2015;96,70%;9,60%;-24,10%;02.04.2020;15%;DE000LS9PRT7;61.663,45
01.12.2015;30,10%;3,60%;-41,30%;07.06.2016;10%;DE000LS9JKH0;62.183,28
01.12.2015;49,70%;5,60%;-51,70%;26.02.2016;10%;DE000LS9HZC3;30.718,07
06.12.2015;27,50%;3,30%;-29,10%;01.09.2016;5%;DE000LS9JZ13;19.754,38
07.12.2015;-3,50%;-0,50%;-34,10%;24.03.2016;10%;DE000LS9H754;165.957,08
08.12.2015;140,90%;12,70%;-41,70%;22.06.2016;5%;DE000LS9JN74;147.574,82
10.12.2015;393,30%;24,30%;-47,60%;26.02.2016;10%;DE000LS9HXM7;12.288.284,32
01.01.2016;24,00%;2,80%;-40,90%;24.03.2016;8%;DE000LS9H7N5;23.561,80
02.01.2016;-13,40%;-2,10%;-71,80%;24.03.2016;10%;DE000LS9H6P2;40.261,37
04.01.2016;28,00%;3,40%;-29,90%;09.03.2016;5%;DE000LS9H3V7;25.832,44
04.01.2016;53,10%;6,00%;-37,40%;24.03.2016;7%;DE000LS9H648;26.940,25
08.01.2016;46,10%;5,20%;-51,20%;19.01.2018;5%;DE000LS9MR59;21.464,74
13.01.2016;125,00%;11,90%;-36,20%;07.06.2016;5%;DE000LS9JLH8;6.951.463,28
14.01.2016;463,60%;27,00%;-49,90%;07.06.2016;5%;DE000LS9JK44;2.322.372,64
15.01.2016;134,70%;12,50%;-40,40%;13.07.2016;5%;DE000LS9JQ14;1.563.524,99
19.01.2016;16,40%;2,10%;-51,70%;17.05.2017;10%;DE000LS9LHD1;17.003,46
23.01.2016;65,60%;7,30%;-63,30%;24.03.2016;5%;DE000LS9H606;133.347,88
26.01.2016;44,70%;5,30%;-30,50%;22.06.2016;10%;DE000LS9JN41;20.271,53
07.02.2016;188,30%;16,00%;-46,00%;03.05.2016;5%;DE000LS9JCS4;150.402,86
09.02.2016;109,20%;10,90%;-31,80%;03.05.2016;10%;DE000LS9JEV4;194.580,41
12.02.2016;200,30%;16,70%;-43,50%;05.08.2016;15%;DE000LS9JWK9;26.503,49
17.02.2016;35,30%;4,40%;-44,00%;17.05.2017;10%;DE000LS9LGB7;11.906,37
17.02.2016;28,90%;3,40%;-24,60%;05.08.2016;12%;DE000LS9JWV6;18.046,79
18.02.2016;262,10%;19,70%;-57,80%;29.03.2017;5%;DE000LS9K5A1;18.219,51
18.02.2016;43,50%;5,20%;-50,10%;10.04.2017;5%;DE000LS9LAR6;17.361,21
22.02.2016;35,90%;4,40%;-27,00%;01.09.2016;12%;DE000LS9J1J4;21.064,91
24.02.2016;-15,60%;-2,30%;-39,40%;03.05.2016;10%;DE000LS9JGB1;156.428,85
01.03.2016;6,50%;0,60%;-54,60%;07.06.2016;20%;DE000LS9JKR9;101.273,43
03.03.2016;77,80%;8,40%;-20,10%;07.06.2016;12%;DE000LS9JLP1;162.175,47
19.03.2016;220,00%;17,90%;-54,70%;10.10.2016;10%;DE000LS9J6L9;203.898,62
15.04.2016;6,90%;1,00%;-62,90%;07.06.2016;30%;DE000LS9JKE7;114.498,20
01.05.2016;53,80%;6,40%;-60,10%;01.12.2016;0%;DE000LS9KC74;6.920,57
11.05.2016;126,20%;12,60%;-27,50%;01.12.2016;5%;DE000LS9KF55;344.690,42
23.05.2016;63,30%;7,20%;-33,80%;13.07.2016;5%;DE000LS9JRX2;29.379,76
31.05.2016;112,40%;11,60%;-41,60%;13.07.2016;5%;DE000LS9JSJ9;252.527,28
12.06.2016;97,60%;10,40%;-55,40%;01.09.2016;18%;DE000LS9J0L2;9.896.993,01
15.06.2016;85,00%;9,40%;-42,50%;01.09.2016;5%;DE000LS9J0X7;297.443,22
24.06.2016;15,50%;2,00%;-61,90%;01.09.2016;5%;DE000LS9JZM8;19.061,28
30.06.2016;44,00%;5,30%;-66,20%;01.09.2016;5%;DE000LS9JZW7;76.959,09
04.07.2016;133,30%;13,50%;-36,00%;01.09.2016;15%;DE000LS9J1D7;19.393,44
11.07.2016;134,50%;13,40%;-30,90%;21.09.2016;10%;DE000LS9J206;10.424,81
01.08.2016;37,30%;4,90%;-26,10%;01.12.2016;10%;DE000LS9KFM8;97.882,41
02.08.2016;64,00%;7,50%;-38,20%;21.09.2016;10%;DE000LS9J4F6;10.332,29
09.08.2016;29,00%;3,90%;-47,60%;10.10.2016;10%;DE000LS9J7W4;18.574,16
04.09.2016;29,60%;4,00%;-30,30%;09.11.2016;0%;DE000LS9J9Y6;53.512,79
06.09.2016;171,90%;16,10%;-80,50%;01.08.2017;20%;DE000LS9LX86;289.958,52
12.09.2016;41,70%;5,30%;-31,40%;09.11.2016;15%;DE000LS9KCL7;618.210,03
14.09.2016;175,90%;16,60%;-34,50%;09.11.2016;5%;DE000LS9KBH7;1.142.010,16
15.09.2016;96,10%;10,80%;-33,10%;01.12.2016;5%;DE000LS9KFD7;4.901,08
09.10.2016;76,00%;9,60%;-45,30%;29.03.2017;7%;DE000LS9K4N7;131.011,89
09.10.2016;132,70%;13,90%;-63,10%;20.12.2016;10%;DE000LS9KKH8;56.559,05
10.10.2016;35,00%;4,70%;-32,40%;01.08.2017;5%;DE000LS9LZS1;19.436,46
16.10.2016;-11,40%;-1,90%;-32,00%;19.01.2018;5%;DE000LS9MP85;8.412,01
17.10.2016;359,90%;26,70%;-47,60%;20.12.2016;10%;DE000LS9KKY3;8.016.004,68
18.10.2016;52,50%;6,70%;-34,20%;10.04.2017;30%;DE000LS9LBU8;55.720,35
20.10.2016;56,40%;7,10%;-41,00%;01.02.2017;20%;DE000LS9KR85;931.425,15
23.11.2016;624,40%;37,90%;-77,40%;25.07.2017;15%;DE000LS9LPA0;89.010,05
27.12.2016;20,30%;2,90%;-13,90%;22.02.2017;0%;DE000LS9KSL3;157.871,64
02.01.2017;177,90%;17,50%;-43,70%;08.03.2017;5%;DE000LS9K1Q6;11.890.079,67
08.01.2017;90,60%;10,90%;-9,70%;29.03.2017;10%;DE000LS9K4K3;2.610.134,84
08.01.2017;85,30%;10,40%;-37,70%;08.03.2017;10%;DE000LS9K1D4;21.322,60
09.01.2017;78,30%;9,60%;-43,20%;15.05.2017;5%;DE000LS9LD64;142.415,05
13.01.2017;147,10%;15,80%;-47,10%;17.05.2017;15%;DE000LS9LHG4;77.341,45
13.01.2017;62,80%;8,10%;-31,70%;29.03.2017;10%;DE000LS9K4D8;79.393,99
13.01.2017;160,50%;16,60%;-64,20%;08.03.2017;10%;DE000LS9K0N5;898.853,26
21.01.2017;79,50%;10,10%;-63,50%;10.04.2017;5%;DE000LS9LAK1;24.687,34
24.01.2017;21,00%;3,10%;-35,70%;27.06.2017;0%;DE000LS9LJS5;21.286,97
26.01.2017;26,80%;3,90%;-34,10%;26.07.2017;0%;DE000LS9LSY4;5.961,50
29.01.2017;17,40%;2,50%;-62,10%;10.04.2017;8%;DE000LS9LBL7;27.944,92
14.02.2017;46,50%;6,50%;-35,90%;10.04.2017;10%;DE000LS9K7N0;8.547,92
03.04.2017;81,60%;10,60%;-69,60%;26.09.2017;10%;DE000LS9L822;71.714,61
07.04.2017;14,30%;2,70%;-71,80%;25.07.2017;15%;DE000LS9LNZ2;40.251,28
14.05.2017;8,30%;1,30%;-34,30%;26.07.2017;0%;DE000LS9LSU2;29.997,10
01.06.2017;581,90%;39,20%;-62,00%;01.08.2017;20%;DE000LS9LZX1;241.150,22
04.06.2017;46,70%;6,80%;-35,70%;01.08.2017;5%;DE000LS9LYK1;14.974,60
15.06.2017;52,90%;7,60%;-37,60%;02.11.2017;10%;DE000LS9MHJ6;26.908,96
28.07.2017;199,60%;21,20%;-39,60%;13.09.2018;15%;DE000LS9M8Q9;446.533,19
28.07.2017;1,50%;0,20%;-37,50%;17.10.2017;5%;DE000LS9MD97;13.204,69
09.08.2017;421,20%;33,90%;-89,50%;26.09.2017;5%;DE000LS9L8X6;1.796.730,48
13.09.2017;59,20%;8,70%;-18,70%;12.03.2018;5%;DE000LS9MUG5;386.582,46
22.09.2017;2,40%;0,00%;-58,20%;11.12.2017;10%;DE000LS9MM21;112.910,47
30.09.2017;548,50%;39,90%;-65,30%;11.12.2017;10%;DE000LS9MLG4;68.641,87
30.09.2017;16,60%;2,80%;-34,60%;19.01.2018;18%;DE000LS9MR18;118.938,11
02.10.2017;-15,20%;-3,00%;-26,20%;31.01.2019;25%;DE000LS9NGQ1;276.990,31
03.10.2017;89,80%;12,10%;-47,10%;19.01.2018;10%;DE000LS9MQ43;258.024,06
14.11.2017;-6,30%;-1,50%;-81,20%;19.01.2018;5%;DE000LS9MPW2;71.565,99
16.11.2017;47,80%;7,60%;-87,40%;12.03.2018;20%;DE000LS9MTR4;1.230.337,93
16.11.2017;0,70%;-0,30%;-34,20%;17.04.2018;15%;DE000LS9MX77;14.090,18
28.11.2017;-0,30%;-0,10%;-52,50%;12.03.2018;10%;DE000LS9MTB8;36.791,12
02.12.2017;148,60%;18,50%;-66,70%;25.11.2021;5%;DE000LS9SPJ6;5.719,68
05.12.2017;285,10%;28,70%;-77,10%;17.04.2018;10%;DE000LS9MWD8;498.980,47
07.12.2017;-36,30%;-8,20%;-69,90%;20.09.2019;20%;DE000LS9NXU8;30.495,94
08.12.2017;31,20%;5,00%;-31,20%;17.04.2018;0%;DE000LS9MVB4;9.182,19
13.12.2017;40,70%;6,60%;-33,20%;17.04.2018;0%;DE000LS9MU96;26.313,21
22.12.2017;-15,90%;-4,90%;-79,00%;17.04.2018;18%;DE000LS9MWA4;52.926,14
22.12.2017;-39,40%;-10,80%;-82,00%;17.04.2018;18%;DE000LS9MVZ3;51.528,36
29.12.2017;48,50%;7,70%;-38,00%;17.04.2018;6%;DE000LS9MY68;162.710,36
04.01.2018;-1,00%;-0,60%;-47,90%;09.11.2018;15%;DE000LS9NAY8;25.333,29
16.01.2018;17,00%;2,90%;-22,10%;17.04.2018;15%;DE000LS9MXG9;874.457,99
07.02.2018;31,50%;5,50%;-37,70%;03.07.2018;11%;DE000LS9M4W6;22.110,47
10.02.2018;25,10%;4,50%;-16,80%;19.06.2018;5%;DE000LS9M3D8;9.515,06
15.02.2018;35,60%;6,00%;-45,30%;13.09.2018;5%;DE000LS9M9R5;44.101,75
19.02.2018;51,40%;8,40%;-29,60%;04.05.2018;5%;DE000LS9M085;7.572,95
24.02.2018;78,90%;12,00%;-37,60%;07.05.2020;10%;DE000LS9PWQ3;13.782,52
25.02.2018;-38,50%;-9,10%;-42,30%;04.05.2018;12%;DE000LS9M0H5;180.418,63
02.03.2018;12,20%;2,10%;-53,80%;13.09.2018;10%;DE000LS9M8Z0;30.073,15
05.03.2018;56,10%;9,00%;-31,90%;19.06.2018;8%;DE000LS9M200;9.519,66
27.03.2018;263,40%;29,30%;-83,70%;19.06.2018;5%;DE000LS9M2X8;40.001,09
29.04.2018;-32,90%;-7,80%;-37,70%;03.07.2018;8%;DE000LS9M4E4;99.679,69
16.05.2018;250,00%;29,30%;-21,90%;31.01.2019;10%;DE000LS9NF29;4.190.977,95
19.05.2018;16,10%;3,00%;-54,30%;28.08.2018;5%;DE000LS9M606;101.970,72
05.06.2018;13,80%;2,60%;-55,10%;12.12.2018;20%;DE000LS9ND39;77.229,63
22.06.2018;79,60%;13,00%;-50,60%;12.12.2018;10%;DE000LS9NED4;68.070,99
03.07.2018;27,10%;5,40%;-29,10%;13.09.2018;10%;DE000LS9M9M6;82.938,80
06.07.2018;107,00%;16,60%;-58,40%;12.12.2018;10%;DE000LS9NCK3;12.161.126,21
16.07.2018;43,50%;8,20%;-80,90%;08.09.2020;10%;DE000LS9QJG9;8.737,59
21.07.2018;13,80%;2,70%;-55,20%;12.12.2018;15%;DE000LS9NDA2;1.003.434,79
23.08.2018;36,70%;7,00%;-42,20%;26.02.2020;0%;DE000LS9PMK7;6.832,65
27.08.2018;-54,70%;-16,20%;-62,40%;05.03.2019;10%;DE000LS9NHC9;46.860,00
27.08.2018;19,50%;4,00%;-48,00%;13.05.2019;10%;DE000LS9NPG3;33.910,11
29.08.2018;394,50%;41,40%;-31,00%;12.07.2022;10%;DE000LS9TPZ0;565.776,17
31.08.2018;-9,30%;-2,20%;-42,40%;12.12.2018;25%;DE000LS9ND13;406.414,74
06.09.2018;26,70%;5,30%;-33,90%;05.03.2019;5%;DE000LS9NHL0;505.225,32
06.09.2018;4,60%;1,10%;-35,50%;12.12.2018;5%;DE000LS9NEP8;52.835,42
11.09.2018;246,10%;31,30%;-43,60%;12.12.2018;5%;DE000LS9NE38;13.653.693,00
11.09.2018;-13,30%;-3,20%;-49,50%;03.04.2019;10%;DE000LS9NJ09;5.466,32
12.09.2018;134,00%;20,20%;-50,20%;02.05.2019;8%;DE000LS9NMQ9;1.915.577,23
15.09.2018;120,70%;19,00%;-38,90%;03.04.2019;5%;DE000LS9NKC3;79.684,13
05.10.2018;111,60%;18,10%;-27,30%;20.09.2019;10%;DE000LS9NXJ1;40.450,77
18.10.2018;41,00%;7,60%;-31,50%;12.12.2018;5%;DE000LS9NC22;13.253,12
19.10.2018;6,90%;1,50%;-19,90%;12.07.2022;0%;DE000LS9TKT4;80.208,40
23.10.2018;30,80%;6,20%;-34,30%;05.03.2019;5%;DE000LS9NH35;263.878,56
25.10.2018;-10,80%;-2,50%;-57,50%;12.11.2019;5%;DE000LS9PED9;19.474,99
16.11.2018;16,00%;3,40%;-31,80%;07.05.2020;11%;DE000LS9PWE9;12.762,74
16.11.2018;36,90%;7,00%;-40,90%;27.01.2020;10%;DE000LS9PME0;84.888,76
03.12.2018;115,00%;19,20%;-43,20%;14.07.2020;0%;DE000LS9QBX1;1.718.780,16
09.12.2018;96,40%;16,80%;-38,00%;09.03.2021;5%;DE000LS9RFB6;84.461,03
14.12.2018;23,20%;5,00%;-23,50%;05.03.2019;5%;DE000LS9NH01;23.966,70
20.12.2018;38,00%;7,90%;-50,10%;03.04.2019;15%;DE000LS9NKV3;137.094,43
20.12.2018;28,30%;5,60%;-74,30%;20.09.2019;19%;DE000LS9PBC7;2.556.578,31
31.12.2018;94,40%;16,50%;-65,70%;24.07.2019;5%;DE000LS9NWK1;74.628,15
01.01.2019;5,90%;1,10%;-38,40%;08.07.2019;18%;DE000LS9NUM1;17.570,82
01.01.2019;29,40%;6,20%;-43,60%;06.08.2020;10%;DE000LS9QCZ4;384.158,82
03.01.2019;-3,50%;-0,90%;-28,70%;03.04.2019;10%;DE000LS9NKU5;75.699,50
04.02.2019;-21,60%;-5,80%;-81,70%;05.12.2019;20%;DE000LS9PGB8;90.958,13
10.02.2019;40,40%;8,40%;-46,70%;12.11.2019;20%;DE000LS9PEB3;60.602,16
13.02.2019;-15,00%;-3,20%;-38,40%;06.07.2020;5%;DE000LS9QAL8;12.009,22
15.02.2019;12,80%;3,00%;-17,60%;26.02.2020;10%;DE000LS9PPW5;20.410,85
05.03.2019;7,60%;1,70%;-24,60%;13.05.2019;10%;DE000LS9NN78;103.807,89
15.03.2019;36,40%;7,80%;-44,40%;11.06.2019;5%;DE000LS9NSL7;103.638,96
26.03.2019;14,60%;3,20%;-44,60%;12.07.2022;10%;DE000LS9TLH7;9.864,99
28.03.2019;75,60%;14,90%;-38,30%;14.06.2022;10%;DE000LS9TJG3;10.012,22
30.03.2019;757,30%;70,70%;-72,90%;12.07.2022;10%;DE000LS9TQR5;27.657,72
16.04.2019;48,90%;10,50%;-39,90%;26.11.2020;5%;DE000LS9QSH8;9.382,59
20.04.2019;11,10%;2,70%;-47,60%;08.07.2019;5%;DE000LS9NUC2;31.329,88
02.05.2019;7,80%;2,00%;-33,20%;08.07.2019;5%;DE000LS9NTT8;78.969,45
29.05.2019;-2,00%;-0,40%;-56,40%;20.09.2019;10%;DE000LS9PAG0;43.685,77
11.06.2019;4,80%;0,70%;-45,10%;20.09.2019;20%;DE000LS9NZN8;5.771,45
16.06.2019;80,40%;16,90%;-42,30%;20.08.2020;20%;DE000LS9QGD2;209.250,18
24.06.2019;124,10%;24,70%;-83,10%;17.12.2020;15%;DE000LS9QWV1;28.931,34
27.06.2019;22,00%;5,30%;-57,80%;27.07.2021;5%;DE000LS9SAX9;16.723,40
17.07.2019;-5,60%;-1,50%;-73,20%;02.04.2020;6%;DE000LS9PQJ0;533.513,29
19.07.2019;20,10%;5,10%;-32,80%;20.09.2019;10%;DE000LS9PAM8;204.696,05
20.07.2019;50,30%;11,80%;-52,10%;02.04.2020;10%;DE000LS9PSF4;89.453,53
24.07.2019;-2,00%;-0,80%;-56,70%;02.04.2020;5%;DE000LS9PTV9;492.674,86
28.07.2019;29,20%;7,10%;-42,20%;02.04.2020;10%;DE000LS9PTR7;30.500,96
01.08.2019;27,10%;6,70%;-19,90%;05.12.2019;10%;DE000LS9PJL1;12.715,73
04.08.2019;-13,30%;-3,80%;-31,80%;05.12.2019;0%;DE000LS9PFU0;65.091,40
06.08.2019;-21,70%;-6,90%;-76,70%;06.08.2020;9%;DE000LS9QCW1;114.433,37
06.08.2019;19,00%;4,60%;-38,00%;08.09.2020;5%;DE000LS9QKL7;37.956,65
14.08.2019;270,60%;43,00%;-45,10%;07.05.2020;10%;DE000LS9PVY9;72.100,97
19.08.2019;12,10%;3,10%;-14,70%;27.01.2020;5%;DE000LS9PLR4;57.758,17
19.08.2019;42,10%;10,30%;-22,00%;26.02.2020;10%;DE000LS9PPR5;11.255,74
20.08.2019;10,30%;2,70%;-46,40%;27.01.2020;7%;DE000LS9PLB8;5.517,41
22.08.2019;-4,10%;-1,10%;-34,90%;12.11.2019;10%;DE000LS9PDQ3;7.100,96
01.09.2019;-30,10%;-9,50%;-50,70%;01.06.2021;10%;DE000LS9RRC9;25.465,10
01.09.2019;28,20%;7,00%;-34,90%;06.07.2020;5%;DE000LS9QAV7;51.782,57
09.09.2019;35,10%;8,80%;-17,50%;06.10.2020;10%;DE000LS9QMH1;73.378,82
10.09.2019;72,20%;16,30%;-34,10%;21.03.2023;10%;DE000LS9UEC1;31.031,08
13.09.2019;16,20%;4,30%;-40,60%;27.01.2020;10%;DE000LS9PKV8;50.480,31
27.09.2019;-0,60%;-0,20%;-33,50%;05.12.2019;10%;DE000LS9PGR4;43.122,26
20.10.2019;7,80%;2,10%;-19,00%;06.08.2020;15%;DE000LS9QCP5;11.757,16
22.10.2019;294,50%;49,30%;-48,50%;02.04.2020;5%;DE000LS9PUL8;539.245,94
22.10.2019;26,20%;6,90%;-31,40%;02.04.2020;5%;DE000LS9PSB3;11.079,36
22.10.2019;144,90%;29,30%;-73,40%;07.05.2020;5%;DE000LS9PUY1;51.059,27
25.10.2019;-65,30%;-26,40%;-72,20%;26.02.2020;0%;DE000LS9PMM3;5.907,63
30.10.2019;-58,40%;-23,30%;-93,40%;08.09.2020;0%;DE000LS9QHS8;11.500,34
14.11.2019;43,30%;11,00%;-31,50%;20.08.2020;5%;DE000LS9QEG0;82.361,41
12.12.2019;-18,90%;-6,00%;-63,40%;26.02.2020;10%;DE000LS9PNP4;86.493,02
21.12.2019;108,00%;24,90%;-49,00%;06.10.2020;5%;DE000LS9QPH4;435.091,60
21.12.2019;39,30%;11,00%;-41,60%;27.07.2021;0%;DE000LS9RXW5;11.140,29
30.12.2019;50,10%;13,60%;-29,40%;06.07.2020;15%;DE000LS9QAS3;5.417,39
10.01.2020;19,20%;5,60%;-35,40%;02.04.2020;20%;DE000LS9PSJ6;470.384,88
29.01.2020;-6,60%;-2,20%;-58,20%;07.05.2020;8%;DE000LS9PVP7;11.032,24
30.01.2020;32,40%;9,50%;-55,70%;26.11.2020;20%;DE000LS9QUX1;4.099.935,78
02.02.2020;20,10%;5,90%;-34,10%;08.09.2020;15%;DE000LS9QHR0;16.711,48
03.02.2020;-21,60%;-7,40%;-31,90%;06.07.2020;10%;DE000LS9QAF0;310.034,63
19.02.2020;-1,40%;-0,50%;-42,90%;06.08.2020;0%;DE000LS9QDU3;7.397,08
26.02.2020;66,60%;18,00%;-34,50%;06.07.2020;5%;DE000LS9QBF8;1.529.921,11
09.03.2020;407,50%;69,50%;-41,60%;06.10.2020;5%;DE000LS9QMB4;4.127.949,93
10.03.2020;235,70%;48,10%;-40,90%;01.06.2021;12%;DE000LS9RSZ8;760.069,92
16.03.2020;287,50%;55,80%;-41,90%;06.07.2020;5%;DE000LS9PYL0;1.028.636,03
17.03.2020;21,50%;7,00%;-30,80%;06.10.2020;0%;DE000LS9QND8;22.235,70
20.03.2020;164,70%;38,10%;-55,00%;06.07.2020;18%;DE000LS9QBU7;270.069,28
26.03.2020;54,20%;15,40%;-47,80%;14.06.2022;19%;DE000LS9TJL3;21.437,84
28.03.2020;25,90%;7,70%;-40,40%;15.10.2020;17%;DE000LS9QQE9;9.184,87
30.03.2020;462,40%;76,20%;-37,50%;30.08.2022;20%;DE000LS9TRD3;2.561.848,70
31.03.2020;74,70%;20,70%;-27,20%;06.10.2020;17%;DE000LS9QPG6;45.404,32
31.03.2020;6,70%;2,20%;-6,20%;26.11.2020;5%;DE000LS9QTL8;18.995,61
01.04.2020;55,40%;15,40%;-32,90%;01.06.2021;7%;DE000LS9RTT9;212.016,27
06.04.2020;33,50%;9,80%;-30,40%;08.09.2020;17%;DE000LS9QKN3;7.874,54
09.04.2020;47,70%;14,00%;-46,20%;06.07.2020;8%;DE000LS9PZG7;106.584,98
09.04.2020;156,80%;37,20%;-36,40%;20.08.2020;15%;DE000LS9QFC6;87.095,66
10.04.2020;-1,00%;-0,40%;-46,00%;21.01.2021;10%;DE000LS9RAS1;43.621,61
13.04.2020;103,90%;27,30%;-52,10%;27.07.2021;10%;DE000LS9RXF0;45.465,38
17.04.2020;38,50%;11,80%;-46,30%;22.02.2022;18%;DE000LS9SZV0;15.221,09
18.04.2020;11,40%;3,50%;-37,30%;08.09.2020;0%;DE000LS9QJT2;31.975,84
21.04.2020;9,30%;3,00%;-35,80%;29.04.2021;0%;DE000LS9RLF5;49.602,14
22.04.2020;4,90%;1,60%;-26,20%;09.03.2021;11%;DE000LS9RES3;77.289,75
24.04.2020;10,70%;3,60%;-12,50%;22.02.2022;5%;DE000LS9TBJ4;5.207,53
28.04.2020;-5,30%;-1,90%;-44,60%;08.09.2020;0%;DE000LS9QGY8;6.251,18
28.04.2020;-1,90%;-0,80%;-53,10%;06.08.2020;5%;DE000LS9QDD9;43.669,19
04.05.2020;23,50%;7,40%;-28,00%;06.10.2020;10%;DE000LS9QNR8;22.846,82
06.05.2020;54,50%;15,80%;-41,20%;06.10.2020;10%;DE000LS9QPB7;10.516,55
13.05.2020;31,80%;9,90%;-27,20%;25.01.2022;10%;DE000LS9SYV3;9.752,38
18.05.2020;0,60%;0,10%;-44,30%;08.09.2020;0%;DE000LS9QHJ7;14.891,06
18.05.2020;-13,00%;-4,70%;-46,70%;06.10.2020;0%;DE000LS9QNC0;5.917,47
18.05.2020;-3,80%;-1,40%;-39,80%;03.11.2020;10%;DE000LS9QQW1;98.678,06
24.05.2020;59,30%;19,10%;-52,50%;29.04.2021;10%;DE000LS9RKZ5;176.037,04
25.05.2020;13,40%;4,50%;-16,90%;08.09.2020;8%;DE000LS9QJY2;203.611,45
27.05.2020;11,10%;3,70%;-32,40%;08.09.2020;5%;DE000LS9QKW4;160.016,67
02.06.2020;5,20%;1,70%;-15,60%;28.10.2021;5%;DE000LS9SLJ5;7.048,40
12.06.2020;32,60%;10,50%;-33,60%;12.07.2022;10%;DE000LS9TLP0;28.366,22
15.06.2020;8,10%;3,00%;-48,40%;28.10.2021;5%;DE000LS9SMX4;5.952,14
16.06.2020;-28,00%;-11,10%;-34,00%;06.10.2020;10%;DE000LS9QLF7;118.201,29
24.06.2020;15,40%;5,20%;-37,00%;21.01.2021;10%;DE000LS9RAF8;184.342,76
08.07.2020;25,70%;8,70%;-19,20%;03.05.2022;10%;DE000LS9TFJ5;11.315,43
29.07.2020;-23,00%;-9,40%;-86,80%;29.04.2021;20%;DE000LS9RLR0;9.591,77
31.07.2020;140,40%;38,40%;-17,80%;27.07.2021;10%;DE000LS9SAP5;135.739,38
04.08.2020;-16,70%;-6,60%;-48,40%;29.04.2021;0%;DE000LS9RPW1;243.674,37
08.08.2020;-43,30%;-19,50%;-68,10%;26.11.2020;20%;DE000LS9QUU7;60.156,80
09.08.2020;12,70%;4,60%;-9,50%;29.04.2021;18%;DE000LS9RLU4;212.959,29
13.08.2020;23,30%;8,10%;-12,70%;24.08.2021;5%;DE000LS9SEB7;159.472,62
14.08.2020;50,90%;16,60%;-62,50%;17.12.2020;8%;DE000LS9QVG4;506.280,07
21.08.2020;-24,10%;-10,70%;-50,10%;07.04.2021;20%;DE000LS9RHN7;11.441,55
28.08.2020;26,80%;9,20%;-18,30%;28.10.2021;10%;DE000LS9SNU8;10.141,70
03.09.2020;-35,90%;-15,70%;-64,80%;17.12.2020;15%;DE000LS9QWR9;75.097,15
03.09.2020;41,10%;14,00%;-15,80%;09.02.2021;10%;DE000LS9RCJ6;36.522,20
08.09.2020;32,90%;11,80%;-15,50%;07.04.2021;6%;DE000LS9RJB8;23.224,67
10.09.2020;99,20%;30,70%;-3,70%;30.08.2022;30%;DE000LS9TTB3;96.024,23
17.09.2020;88,80%;28,60%;-39,80%;13.12.2022;10%;DE000LS9TYW9;4.721,42
23.09.2020;-4,90%;-2,00%;-34,00%;09.03.2021;6%;DE000LS9RFR2;35.271,14
28.09.2020;7,20%;2,10%;-40,60%;26.11.2020;10%;DE000LS9QST3;179.750,40
29.09.2020;10,50%;3,80%;-20,40%;26.11.2020;10%;DE000LS9QSW7;47.380,61
01.10.2020;-12,00%;-5,00%;-30,10%;09.03.2021;20%;DE000LS9RFJ9;503.522,76
03.10.2020;14,70%;5,80%;-31,60%;29.04.2021;15%;DE000LS9RLZ3;62.749,62
05.10.2020;26,30%;9,80%;-22,30%;28.10.2021;10%;DE000LS9SLR8;11.575,77
12.10.2020;60,50%;20,80%;-23,30%;21.09.2021;5%;DE000LS9SHP0;826.806,74
17.10.2020;8,90%;3,70%;-30,70%;29.04.2021;0%;DE000LS9RNN5;9.485,78
26.10.2020;4,00%;1,50%;-22,50%;09.03.2021;10%;DE000LS9RFL5;98.810,98
03.11.2020;1,00%;0,30%;-48,20%;18.10.2021;8%;DE000LS9SJW2;14.305,08
11.11.2020;-4,00%;-1,80%;-71,00%;01.06.2021;9%;DE000LS9RQZ2;340.519,93
18.11.2020;16,30%;6,20%;-14,60%;29.04.2021;10%;DE000LS9RLS8;371.528,51
26.11.2020;28,90%;10,70%;-26,00%;24.08.2021;5%;DE000LS9SDN4;182.947,99
28.11.2020;79,60%;27,50%;-49,00%;01.06.2021;9%;DE000LS9RST1;51.503,15
29.11.2020;-4,10%;-1,60%;-30,50%;24.06.2021;10%;DE000LS9RWB1;8.633,89
06.12.2020;20,00%;7,90%;-17,10%;24.06.2021;5%;DE000LS9RUR1;6.360,30
12.12.2020;-15,20%;-6,90%;-26,50%;09.03.2021;15%;DE000LS9RFM3;7.295,87
16.12.2020;-2,90%;-2,00%;-33,20%;01.06.2021;10%;DE000LS9RRU1;52.710,16
17.12.2020;-0,10%;0,20%;-36,60%;24.06.2021;10%;DE000LS9RWH8;149.180,64
17.12.2020;30,60%;12,20%;-16,00%;01.06.2021;10%;DE000LS9RSU9;36.569,50
21.12.2020;54,20%;21,00%;-36,30%;01.06.2021;5%;DE000LS9RQY5;198.614,61
22.12.2020;84,40%;30,70%;-43,70%;03.05.2022;10%;DE000LS9TDR3;5.535,30
22.12.2020;-5,30%;-1,90%;-45,90%;24.06.2021;18%;DE000LS9RVC1;17.063,92
24.12.2020;-19,30%;-9,20%;-34,90%;01.06.2021;0%;DE000LS9RTM4;8.551,98
25.12.2020;-15,70%;-7,20%;-29,80%;14.12.2021;18%;DE000LS9SUM0;5.901,31
29.12.2020;-20,40%;-9,50%;-43,70%;28.10.2021;20%;DE000LS9SNS2;39.801,83
30.12.2020;6,60%;2,80%;-19,60%;09.03.2021;5%;DE000LS9REN4;32.734,22
02.01.2021;-15,80%;-7,30%;-27,00%;28.10.2021;10%;DE000LS9SLZ1;71.748,88
04.01.2021;-20,90%;-10,10%;-53,70%;28.10.2021;18%;DE000LS9SKF5;5.615,72
04.01.2021;3,00%;1,30%;-32,50%;24.06.2021;10%;DE000LS9RUA7;10.720,54
04.01.2021;-4,80%;-2,60%;-28,10%;22.02.2022;5%;DE000LS9TBF2;6.097,74
06.01.2021;26,00%;11,40%;-23,50%;25.11.2021;5%;DE000LS9SPY5;52.156,08
06.01.2021;-21,50%;-10,30%;-29,20%;01.06.2021;0%;DE000LS9RTE1;12.639,68
07.01.2021;14,90%;6,50%;-18,10%;24.06.2021;20%;DE000LS9RWS5;32.462,65
14.01.2021;20,80%;8,70%;-28,90%;24.08.2021;19%;DE000LS9SCD7;220.608,60
17.01.2021;2,20%;1,10%;-30,00%;27.07.2021;7%;DE000LS9SAM2;33.431,54
22.01.2021;-37,00%;-19,00%;-76,00%;21.09.2021;12%;DE000LS9SHK1;14.194,76
23.01.2021;19,80%;8,60%;-8,80%;12.07.2022;10%;DE000LS9TMS2;37.513,96
31.01.2021;3,30%;1,40%;-16,20%;28.10.2021;5%;DE000LS9SLD8;16.941,63
04.02.2021;-34,00%;-17,80%;-37,80%;24.06.2021;12%;DE000LS9RWF2;210.302,53
06.02.2021;-7,00%;-3,30%;-8,40%;14.12.2021;0%;DE000LS9SUF4;94.372,01
06.02.2021;-10,10%;-4,90%;-24,50%;04.10.2022;10%;DE000LS9TVJ2;61.220,67
11.02.2021;0,80%;0,60%;-5,50%;17.05.2022;5%;DE000LS9TGH7;11.592,12
14.02.2021;138,00%;50,30%;-22,00%;12.07.2022;5%;DE000LS9TQA1;140.528,82
16.02.2021;-8,90%;-3,40%;-39,60%;21.09.2021;15%;DE000LS9SHT2;108.413,21
18.02.2021;-84,50%;-60,20%;-96,70%;28.10.2021;10%;DE000LS9SKZ3;5.165,03
20.02.2021;13,90%;6,60%;-42,10%;28.10.2021;12%;DE000LS9SMB0;7.175,57
22.02.2021;-3,40%;-1,90%;-25,30%;03.05.2022;6%;DE000LS9TEK6;85.687,91
28.02.2021;-51,80%;-29,80%;-66,80%;27.07.2021;10%;DE000LS9RZG3;41.079,59
01.03.2021;5,40%;2,40%;-20,40%;24.01.2023;10%;DE000LS9UBX3;9.599,08
04.03.2021;-6,40%;-3,50%;-44,70%;22.02.2022;10%;DE000LS9SZK3;14.692,64
14.03.2021;-11,90%;-6,00%;-43,40%;14.06.2022;6%;DE000LS9THH5;83.802,22
17.03.2021;1,10%;0,40%;-18,40%;21.09.2021;5%;DE000LS9SJD2;11.828,49
12.04.2021;11,00%;4,40%;-30,30%;14.12.2021;10%;DE000LS9SUS7;46.433,89
15.04.2021;6,60%;2,70%;-21,50%;28.10.2021;10%;DE000LS9SLY4;9.056,89
07.05.2021;47,70%;22,60%;-19,10%;30.08.2022;8%;DE000LS9TTS7;22.478,26
16.05.2021;2,80%;1,40%;-21,30%;14.12.2021;5%;DE000LS9SUT5;9.136,19
21.05.2021;6,20%;3,30%;-9,00%;30.08.2022;5%;DE000LS9TRB7;10.403,45
01.06.2021;4,70%;2,60%;-7,80%;03.05.2022;9%;DE000LS9TFH9;18.743,95
01.06.2021;16,40%;8,40%;-31,50%;03.05.2022;8%;DE000LS9TCP9;6.168,30
09.06.2021;-3,70%;-2,20%;-23,70%;24.01.2023;12%;DE000LS9UBL8;5.299,77
15.06.2021;-24,60%;-14,50%;-38,10%;14.12.2021;19%;DE000LS9STQ3;31.672,31
01.07.2021;-4,50%;-2,50%;-27,50%;25.01.2022;7%;DE000LS9SXC5;19.976,77
20.07.2021;-29,90%;-18,90%;-40,40%;14.12.2021;10%;DE000LS9SWC7;7.360,07
26.07.2021;-30,10%;-19,10%;-36,80%;17.05.2022;0%;DE000LS9TGF1;25.439,21
12.08.2021;-20,10%;-12,90%;-32,90%;14.12.2021;10%;DE000LS9SVZ0;8.384,40
15.08.2021;-8,10%;-5,10%;-19,80%;12.07.2022;5%;DE000LS9TPE5;29.500,07
24.08.2021;14,90%;6,30%;-26,60%;12.07.2022;10%;DE000LS9TMK9;52.698,97
30.08.2021;-61,00%;-44,40%;-77,20%;22.02.2022;15%;DE000LS9SZH9;6.259,63
01.09.2021;-19,30%;-12,90%;-39,60%;03.05.2022;5%;DE000LS9TDX1;54.238,93
12.09.2021;54,40%;32,10%;-12,60%;12.07.2022;10%;DE000LS9TMU8;327.152,41
05.10.2021;-15,40%;-10,70%;-34,60%;25.01.2022;5%;DE000LS9SXY9;21.076,55
07.10.2021;-1,80%;-1,40%;-17,60%;14.06.2022;5%;DE000LS9TJH1;11.299,08
04.11.2021;-26,60%;-19,60%;-33,00%;14.12.2021;10%;DE000LS9SWS3;66.408,54
05.11.2021;64,40%;50,70%;-84,60%;12.07.2022;5%;DE000LS9TMA0;176.072,32
24.11.2021;-9,90%;-7,50%;-16,80%;03.05.2022;20%;DE000LS9TEP5;153.186,41
16.12.2021;3,30%;2,00%;-11,10%;04.10.2022;5%;DE000LS9TVS3;15.489,31
19.12.2021;-11,00%;-8,70%;-11,80%;30.08.2022;20%;DE000LS9TTU3;12.279,71
03.01.2022;-78,00%;-70,30%;-84,20%;14.06.2022;5%;DE000LS9TJJ7;11.625,46
09.01.2022;-5,80%;-5,20%;-22,60%;14.06.2022;10%;DE000LS9THG7;12.996,92
21.01.2022;15,30%;12,60%;-21,40%;14.06.2022;10%;DE000LS9TJA6;21.445,32
23.01.2022;-8,90%;-7,50%;-12,40%;12.07.2022;15%;DE000LS9TMG7;6.924,63
24.01.2022;60,80%;47,30%;-33,30%;12.07.2022;15%;DE000LS9TKP2;17.702,96
24.01.2022;-16,10%;-13,30%;-26,80%;17.05.2022;7%;DE000LS9TGN5;9.229,72
09.02.2022;-13,10%;-11,70%;-32,40%;14.06.2022;0%;DE000LS9THM5;15.635,36
15.02.2022;-2,20%;-2,60%;-37,50%;12.07.2022;15%;DE000LS9TNF7;34.256,58
23.02.2022;-72,60%;-69,00%;-83,40%;15.12.2022;10%;DE000LS9UAS5;8.479,11
24.02.2022;0,90%;1,00%;-14,50%;24.01.2023;9%;DE000LS9UBP9;10.101,82
04.03.2022;4,10%;3,60%;-18,80%;12.07.2022;6%;DE000LS9TND2;14.986,13
14.03.2022;-31,70%;-29,60%;-43,90%;12.07.2022;12%;DE000LS9TNK7;20.543,59
14.03.2022;-54,60%;-53,90%;-60,50%;30.08.2022;5%;DE000LS9TQU9;5.330,22
28.03.2022;6,80%;6,10%;-21,10%;30.08.2022;5%;DE000LS9TSH2;27.756,55
16.04.2022;2,10%;-;-15,00%;21.03.2023;5%;DE000LS9UCX1;7.352,70
21.04.2022;-4,20%;-;-10,80%;12.07.2022;5%;DE000LS9TKN7;14.087,52
25.04.2022;0,00%;-;-12,80%;12.07.2022;5%;DE000LS9TPP1;30.023,41
25.04.2022;16,90%;-;-18,70%;12.07.2022;30%;DE000LS9TNE0;24.202,62
03.05.2022;-1,60%;-;-9,70%;30.08.2022;10%;DE000LS9TTD9;35.441,44
06.05.2022;-16,40%;-;-26,30%;14.06.2022;19%;DE000LS9THL7;51.819,92
09.05.2022;11,00%;-;-65,50%;04.10.2022;18%;DE000LS9TWF8;11.158,44
02.06.2022;23,00%;-;-17,40%;21.03.2023;20%;DE000LS9UDE9;64.837,95
22.06.2022;80,90%;-;-55,80%;21.03.2023;30%;DE000LS9UEJ6;24.944,69
23.06.2022;273,90%;-;-19,90%;04.10.2022;20%;DE000LS9TVM6;190.733,69
02.07.2022;8,40%;-;-15,80%;04.10.2022;10%;DE000LS9TVN4;15.067,57
09.07.2022;-4,60%;-;-15,50%;04.10.2022;5%;DE000LS9TWE1;33.785,39
15.07.2022;12,60%;-;-31,80%;04.10.2022;13%;DE000LS9TWJ0;28.165,74
26.07.2022;-14,60%;-;-26,60%;13.12.2022;10%;DE000LS9TYX7;8.542,69
27.07.2022;12,70%;-;-10,90%;15.11.2022;15%;DE000LS9TXB5;481.250,36
29.07.2022;20,00%;-;-19,80%;13.12.2022;5%;DE000LS9TYR9;167.058,99
12.09.2022;-2,40%;-;-57,60%;24.01.2023;20%;DE000LS9UBN4;153.184,10
17.09.2022;24,90%;-;-15,80%;21.03.2023;10%;DE000LS9UEF4;21.395,71
22.09.2022;-11,60%;-;-16,40%;15.11.2022;5%;DE000LS9TXE9;10.169,79
25.09.2022;-0,90%;-;-13,50%;15.11.2022;5%;DE000LS9TXM2;6.838,62
27.09.2022;50,60%;-;-31,00%;21.03.2023;10%;DE000LS9UCC5;10.670,60
28.09.2022;-3,30%;-;-4,50%;15.11.2022;5%;DE000LS9TXG4;11.413,89
11.10.2022;0,50%;-;-3,40%;24.01.2023;10%;DE000LS9UB16;16.088,52
13.10.2022;-2,40%;-;-4,40%;21.03.2023;19%;DE000LS9UC64;34.205,70
16.10.2022;-37,00%;-;-37,50%;13.12.2022;0%;DE000LS9TZU0;29.993,65
18.10.2022;-15,10%;-;-20,40%;13.12.2022;30%;DE000LS9TZH7;52.069,01
23.10.2022;9,40%;-;-8,30%;24.01.2023;5%;DE000LS9UBC7;5.469,61
26.10.2022;-3,50%;-;-9,80%;13.12.2022;15%;DE000LS9TYN8;6.276,04
06.01.2023;-11,70%;-;-38,50%;21.03.2023;30%;DE000LS9UC49;11.210,68
09.01.2023;1,40%;-;-20,40%;21.03.2023;10%;DE000LS9UC56;12.876,03
